Jump!!(Or Get Jumped!!!)((by the future)),
The Thangs I Carry,
We Wants Revenge,
GODBLESSYALLREALGOOD,
Virus://Vibrance,
Old Data in a Dead Machine,
Broken Glass Complexion,
Doomtech,
End Eternal,
Errorzone,
Quitting Infinity,
Untitled,
Good To Feel,
Lust For Destruction,
Systematic Death,
Panic Is On,
Distorted Dreams,
Burning Water,
Joy of Life,
Human Target,
Army of Cops,
Circle River,
The Torture Fields,
The Adventures of Jason and Jason Jr,
Mt. Skull,
The Last Song,
Limerent Death,
Symptom of Terminal Illness,
Wanting Not so Much to as To,
Lows Feels Blvd,
Honeysuckle,
Manufacturing Discontent,
Apologies Not Included,
Everyone Talking over Everyone Else,
Forever Hurtling Towards Andromeda,
"1,000,000 Watts",
Death is a Living Partner,
Synthetic Sun,
Reaction,
,
Be Harder,
Finish the Job,
Six Feet Deep,
God's Hate,
Eternity of Hate,
Violence Unlimited,
The Valley Beyond (818),
War Man,
Social Class Warfare,
The Killing Womb,
Versus Wyoming,
Fear in Non Fiction,
Lights Out,
Magazine Beach,
Inside Design,
Hellnight,
Orgy in the Morgue,
Wavery,
,
Life Sentence,
On Broken Glass,
Still Waters Run Deep,
Karma,
Do Or Die,
Salvation,
Armageddon,
Administer the Dagger,
The Eaters and the Eaten,
Complete Control,
Necessary Suffering,
Rites of Cruelty,
Conspiracy of None,
Infiltrators,
Reciprocal Repulsion,
Now Defied!,
Sun//Eater,
Call For The Blood,
Thinking In Tongues,
The Impressionist,
Salt,
,
Afraid of Everything,
Obtained Under Duress,
Exceptional American,
Habitual Offender,
Labor Dispute,
Negative Mind Power,
The Sixth Circle,
Sadist,
Fall from Grace,
Dirge,
The Crucifixion,
Master/Slave,
...where the suffering never ends,
Possession,
Hell Rains from Above,
Eternity of Empty,
Throwing Stones,
Peeling Wax,
Shadow of Fear,